Unique name,superclass 1
abandoning,giving up
abating,reducing
aborting,terminating
abrasing,wearing
absorbing,sucking
accelerated underreach protection,unit protecting using telecommunication
accelerating,increasing
acceptance testing,electrical rotating machine testing
accepting,receiving
accommodating,providing
according,agreeing
accounting,acting
accumulating,increasing
achieving,attaining
acid and earth treatment,purifying
acid corrosion,corroding
acid gas removing,gas treating
acidifying,making
acidising,acidifying
acidulating,acidifying
acknowledging,agreeing
acquiring,getting
actagene conversation,performative conversation
acting,activity
activating,increasing
actuating,increasing
acylating,adding-acting
adapting,changing
adaptive controlling,controlling
adding-acting,acting
adding-computing,computing
additive depleting,depleting
adhering,sticking
adhesive bonding,bonding
adjoining-acting,joining
adjoining-being,lieing
adjusting,changing
administering,managing
admitting,allowing
adsorbing,activity
advanced controlling,controlling
advertising,calling
advising,informing
aerating,process
aerobic digesting,biotreating
affirming,activity
ageing,treating
agglomerating,collecting
aggregating,collecting
agitating,disturbing
agreeing,accepting
air conditioning,conditioning
alarming,warning
alcoholising,treating
alerting,informing
aligning,positioning
alkalinising,making
alkylating,adding-acting
allocating,apportioning
allowing,accepting
alloy verfication,non-destructive testing
allylating,adding-acting
altering,changing
alternating,changing
aluminating,process
amine treating,gas treating
ammoniating,process
amplifying,increasing
analysing,studying
anearobic digesting,biotreating
anemometry,flow measurement
annealing,treating
announcing,informing
anodising,process
anti surge controlling,process controlling
appearing,coming
appending,adding-acting
applying,using
appointing,establishing
apportioning,assigning
appraising,judging
appropriating   ,assigning
approving,agreeing
arbitrating,acting
arc welding,welding
architecting,designing
archiving,storing
aromatising,treating
arranging,putting
arresting,stopping
arriving,terminating
arsenicating,treating
arsonating,inserting
asking,calling
asphyxiating,poisoning
assembling,composing
assessing,analysing
assigning,appointing
assisting,supporting
assuring,making
atmospheric distillation,distilling
atmospheric storage,storing
atomising,transforming
attaching,making
attaining,arriving
attempting,acting
attending,being
attenuating,decreasing
attesting,affirming
attriting,wearing
auditing,verifying
augmenting,increasing
authorising,supporting
automatic monitoring,monitoring
automatic reclosing,closing
automatic supervising,supervising
automatic testing,automatic supervising
automating,converting
averaging,determining-obtaining
awarding,assigning
backfilling,refilling
backing up,protecting
backup protecting,electrical protecting
baffling,deflecting
bagging,putting
baking,subjecting
balance testing,electrical rotating machine testing
balancing,equalising
baling,bundling
ballasting,loading
banking,business process
barring,blocking
basic controlling,controlling
basic engineering,engineering
batch blending,blending
batch controlling,process controlling
batch processing,processing
batching,collecting
batchwise operating,operating
bathymetry,measuring
beaming,sending
bearing-activity,supporting
becoming,changing
beginning,executing
behaving,activity
being,activity
belling,alerting
benchmarking,evaluating
bend testing,destructive testing
bending,deforming
berthing,bringing
bid evaluation,evaluating
bidding,offering
bifurcating,splitting
billing,submitting
binding,joining
biotreating,treating
bitumen blowing,blowing
black-band testing,commutation testing
blanketing,covering
blasting,employing
blazing,burning
bleaching,removing
bleeding,emptying
blend property ratio controlling,ratio controlling
blending,mixing
blinding,covering
blistering,changing
blocking,holding-restraining
blocking overreach protecting,unit protecting using telecommunication
blocking protecting,electrical protecting
blowing,driving
blowing off,ejecting
blowing out,clearing
blowing up,destroying
bodying,increasing
boiling liquid expanding vapour exploding,exploding
boiling off,removing
boiling over,spilling
boiling-evaporating,evaporating
boiling-heating,heating
bolting,joining
bonding,connecting
boosting,increasing
bracing,joining
braiding,arranging
braking,reducing
brazing,soldering
breaking,splitting
breaking up,decomposing
breathing,moving
breeding,transforming
brewing,process
bridging,connecting
bringing,moving
brittle fracturing,fracturing
broadcasting,sending
browsing,scanning
brushing,removing
bubbling,moving
buchholz protecting,transformer protection
buckling,fastening
budgeting,planning
buffering,storing
building,forming
bulking,gathering
bulldozing,moving
bundling,collecting
bunkering,filling
buoying,floating
burning,reacting
bursting,breaking
business process,processing
buying,getting
buzzing,alerting
bypassing,passing-transferring
calcifying,making
calcining,treating
calculating,determining-obtaining
calibrated driving machine testing,electrical rotating machine testing
calibrating,adjusting
calipering,measuring
calling,communicating
calorimetric testing,electrical rotating machine testing
calorising,treating
cancelling,removing
cannibalising,dismantling
canopying,covering
capacitating,making
capping,covering
capturing,obtaining
carbon arc welding,arc welding
carbonating-adding,adding-acting
carbonating-converting,converting
carbonising,converting
carbureting,enriching
carburizing,process
caring,acting
carrier feeder protecting,relay protection
carrying,moving
carrying out,acting
cascade process,processing
cascading,connecting
catalising,accelerating
cataloging,recording
catalytic cracking,cracking
catalytic dewaxing,dewaxing
catching,getting
categorising,assigning
catering service,serving-acting 
causing,bringing
cavitating,wearing
ceasing,terminating
cementing,joining
centering,placing
centrifuging,separating
certifying,attesting
chaining,arranging
changing,making
changing over,converting
changing over a relay,changing over
channeling,conveying
characterising,describing
charging,loading
charging a battery,charging
charting,making
checking-limiting,limiting
checking-verifying,verifying
chemical engineering,engineering
chemical injecting,injecting
chemical processing,processing
chemical reacting,reacting
chemical to mechanical energy conversion,energy conversion
chilling,cooling
chiming,alerting
chloridising,treating
chlorinating,treating
choking,constraining
choosing,activity
chromatography,analysing
chuting,conveying
circuit local backup protecting,backup protecting
circuit-breaker failure protecting,electrical protecting
circulating,moving
civil engineering,engineering
cladding-activity,covering
claiming,demanding
clamping,fastening
clarifying,making
classifying,categorising
claus process,sulphur recovery
cleaning,removing
cleaning service,serving-acting 
cleaning up,relieving
cleansing,cleaning
clearing,removing
clearing away,removing
clicking on,connecting
climbing,going
clipping,cutting off
clocking,determining-obtaining
clogging,obstructing
closed transport,transporting
closing,acting
closing down,stopping
clustering,collecting
coagulating,process
coalescing,joining
coating-activity,covering
coding,describing
co-extruding,extruding
co-generating,generating
cohering,holding-having
coiling,winding-turning
coinciding,occupying
coke deactivation,deactivating
coke formation,forming
coking,converting
cold pressing,forming
cold start up,starting up
cold welding,solid state welding
collecting,gathering
colloiding,converting
colorimetry,analysing
colour coding,encoding
colouring,changing
combined heat and power generation process,generating
combining,joining
combusting,burning
combustion controlling,process controlling
coming,moving
commanding,controlling
commercial road transport,road transport
commercialising,managing
commissioning,bringing
commissioning testing,electrical rotating machine testing
committing,consigning
commodity testing,non-destructive testing
communicating,exchanging
commutation testing,electrical rotating machine testing
compacting,pressing
compaction of ground,compacting
comparing,examining
compensating,adjusting
competing,activity
competitor product analysis,analysing
compiling,collecting
completing,terminating
complying,conforming
composing,arranging
compounding,combining
compressing,pressurising
computer aided design,designing
computer aided draughting,drawing-draughting
computer aided engineering,engineering
computer service,serving-acting 
computing,determining-obtaining
concatenating,uniting
concealing,hiding
conceiving,forming
concentrating,making
conceptual design,designing
conceptual engineering,engineering
conceptual process design,process design
concuring,acting
condense separation,physical separation
condensing-chemical reaction,chemical reacting
condensing-concentrating,concentrating
condensing-phase transition,phase transition
condition-based maintenance,maintaining
conditioning,treating
conducting,conveying
conference management,managing
configuring,arranging
confining,holding-restraining
confirming,stating
conforming,being
congealing,transiting
congesting,constraining
conglomerating,collecting
conglutinating,cohering
connecting,joining
conserving,preserving
consigning,activity
consolidating,uniting
constraining,limiting
constraint controlling,process controlling
constricting,acting
constructing,making
construction testing,testing
consuming,using
contacting,touching
containing,holding-restraining
contaminating,inserting
continuing,resuming
continuous actuation,actuating
continuous operation,operating
continuous service testing,testing
contouring,shaping
contracting,agreeing
contracting out,removing
contrasting,differing
contriving,creating
control engineering,engineering
controlling,influencing
convecting,transferring
converging,moving
conversing,communicating
conversion controlling,process controlling
conversion of electricity,converting
converting,changing
conveying,transporting
cooking,treating
cooling,extracting
coordinating,regulating
copying,making
core testing,electrical rotating machine testing
correct operation,operating
correct operation of protecting,correct operation
correcting,changing
corrective maintenance,maintaining
corresponding,conforming
corroding,wearing
corrosion protecting,surface protection
corrugating,shaping
cost accounting,accounting
cost estimating,estimating
cost reduction,reducing
costing,causing
counterbalancing,opposing
counterbracing,bracing
counting,computing
coupling,connecting
covering,shielding
cracking,breaking up
crating,packing-covering
creating,making
creep embrittlement,embrittling
creep rupture,rupturing
creeping,degrading
crevice corrosion,corroding
crude valuation,assessing
crushing,destroying
crystallising,forming
cumulating,enlarging
custody transfer,transferring
customer care,caring
customising,adapting
cutting,separating
cutting off,stopping
cyanide corrosion,corroding
cycling,acting
cycling a relay,cycling
cyclonic separation,gravity separation
damaging,causing
dampening,reducing
darkening,reducing
deacetylating,removing
deacidifying,removing
deactivating,changing
deaerating,treating
dealkalising,removing
dealkylating,removing
deamidating,removing
deaminating,removing
deashing,removing
debenzylating,removing
debottlenecking,revamping
debugging,correcting
decalcifying,removing
decanting,separating
decarbonating,removing
decarboxylating,removing
decelerating,decreasing
deciding,choosing
declassifying,terminating
declining,sloping
decolourising,removing
decommissioning,changing
decomposing,separating
decreasing,changing
deenergising,stopping
deep hydrodesulphurization,hydrodesulphurising
deesterifying,removing
deethanising,removing
defining,determining-deciding
deflagrating,burning
deflecting,turning away
deflocculating,reducing
defluorinating,removing
defoaming,removing
deforming,changing
deforming under explosion,deforming under pressure
deforming under pressure,deforming
defrosting,releasing
degasifying,removing
degassing,removing
degaussing,changing
degenerating,changing
degrading,lowering-decreasing
degreasing,removing
degumming,removing
dehumidifying,removing
dehydrating,removing
dehydrogenating,removing
deicing,removing
deinstalling,acting
deionising,removing
delaminating,splitting
delayed protecting,electrical protecting
delaying,prolonging
deleading,removing
deleting,eliminating
delimiting,determining-deciding
delivering,bringing
delta-wye conversion,network conversion
demand forecast,forecasting
demanding,calling
demetalising,removing
demethylating,removing
demineralising,removing
demobilising,breaking up
demodulating,extracting
demolishing,destroying
demonstrating,showing
demounting,acting
demulsifying,converting
demultiplexing,decomposing
denaturing,changing
denitrating,removing
denitrifying,removing
de-noxing,removing
deoiling,removing
deoxidising,removing
deoxygenating,removing
deozonising,removing
deparaffinising,removing
depentanising,removing
depleting,decreasing
depolymerising,decomposing
depositing,moving
depressurising,releasing
depropanising,removing
deriving,developing
desalting,removing
descending,moving
describing,presenting
desiccating,drying
designing,developing
desorbing,relieving
de-soxing,removing
destroying,changing
destructive inspection,inspecting
destructive testing,testing
desulfonating,removing
desulfurising,removing
desuperheating,cooling
detaching,disjoining
detailed design,designing
detailed engineering,engineering
detailed layout and construction design,designing
detailed process design,process design
detailing,describing
detecting,discovering
deteriorating,changing
determining-deciding,deciding
determining-obtaining,obtaining
detonating,exploding
developing,acting
deviating,turning away
dewaxing,removing
dielectric testing,testing
differentiating-computing,computing
differentiating-distinguishing,distinguishing
differing,being
diffusing,spreading
diffusion brazing,brazing
diffusion welding,solid state welding
diluting,mixing
dimensioning,defining
dimming,reducing
dip brazing,brazing
dipping,immersing
directing,activity
directional comparison protecting,unit protecting using telecommunication
directional protecting,electrical protecting
disappearing,terminating
disapproving,refusing
disassembling,decomposing
disassociating,terminating
discharge energy testing,testing
discharge inception testing,testing
discharging,relieving
discharging a battery,discharging
disconnecting,disjoining
discontinuing,ending
discovering,obtaining
discrete actuation,actuating
disengaging,extricating
disengaging a relay,disengaging
disjoining,activity
dislocating,moving
dismantling,removing
dismissing,permitting
dismounting,removing
dispatching,sending
dispersing,distributing
displaying,exhibiting
disposing,acting
dissipating,disappearing
dissolving,passing-transferring
distance protecting,non-unit protection
distilling,separating
distinguishing,recognising
distributing,moving
distribution of electricity,distributing
disturbing,destroying
diverging,moving
divesting,removing
dividing-computing,computing
dividing-separating,separating
doctor treatment,sweetening
document management,managing
documenting,producing
doing,acting
dosing,adding-acting
downgrading,reducing
draining,drawing-moving
drawing-draughting,activity
drawing-moving,moving
dredging,excavating
drenching,filling
drilling,removing
dripping,dropping
driving,controlling
dropping,falling
dry cleaning,cleaning
drying,making
dumping,disposing
dwindling,reducing
dying,colouring
dynamometer testing,electrical rotating machine testing
earth fault and over current protecting,relay protection
earth fault protecting,relay protection
earthing,connecting
echoing,reflecting
economising,utilising
editing,changing
effecting,causing
ejecting,moving
elaborating,expanding
elapsing,passing-letting
electric to mechanical energy conversion,energy conversion
electrical back-to-back testing,electrical rotating machine testing
electrical engineering,engineering
electrical heating,heating
electrical insulation,insulating
electrical processing,processing
electrical protecting,protecting
electrical rotating machine testing,testing
electrical tracing,heat tracing
electricity transformation,transforming
electrifying,providing
electrodepositing,depositing
electromagnetic conversion,electric to mechanical energy conversion
electromagnetic separation,separating
electron microscopy,microscopy
electron probe microanalysis,microanalysis
electronic document management,document management
electroslag welding,welding
electrostatic precipitation,precipitating
elevating,lifting
eliminating,removing
eluting,removing
elutriating,removing
eluviating,process
embrittling,changing
emergency shutdown,shutting down
emitting,moving
employing,using
emptying,removing
emulating,imitating
emulsifying,converting
enabling,giving
enamelling,covering
encapsulating,containing
encasing,covering
enciphering,encoding
enclosing,covering
encoding,converting
encrypting,encoding
endangering,bringing
ending,acting
energising,applying
energy conversion,converting
energy transfer,transferring
engaging,arranging
engineering,business process
engraving,cutting
enhancing,increasing
enlarging,increasing
enriching,increasing
ensuring,making
entangling,constraining
entering,acting
entraining,carrying
enumerating,listing
enveloping,enclosing
epimerising,converting
epoxidising,converting
equalising,making
equipotential bonding,bonding
equipping,providing
eradicating,destroying
erasing,removing
erecting,placing
eroding,deteriorating
erring,acting
escalating,moving
escaping,moving
establishing,acting
esterifying,converting
estimating,determining-obtaining
etching,producing
etherifying,converting
evacuating,removing
evaluating,examining
evaporating,converting
evolving,changing
examining,inspecting
excavating,removing
exceeding,extending
exchanging,substituting
exciting,calling
executing,acting
exhausting,moving
exhibiting,presenting
existing,being
expanding,increasing
expediting,accelerating
expensing,charging
expiring,ending
exploding,combusting
exploiting,acting
exploring,searching
explosion heating,heating
explosion welding,solid state welding
exporting,moving
exposing,subjecting
expressing,representing
extending,expanding
extinguishing,terminating
extracting,separating
extrapolating,expanding
extricating,separating
extruding,shaping
exudating,discharging
fabricating,making
facilitating,making
facing,having
factagene conversation,performative conversation
failing,being
failure analysis,analysing
failure operate of protecting,malfunctioning of protection
falling,descending
farming,process
fastening,fixing
fatigue corrosion,corroding
fatiguing,degrading
fault protecting,protecting
feasibility study,studying
feed forward controlling,controlling
feeder protecting,fault protecting
feeding,supplying
feeding back,transmitting
fermenting,transforming
filing,storing
filling,supplying
filtering,process
financial accounting,accounting
financial controlling,controlling
financial forecasting,forecasting
financial planning,planning
financial reporting,reporting
financial service,serving-acting
financing,providing
finding,discovering
finishing-completing,completing
finishing-treating,treating
fire fighting,terminating
fire proofing,thermal protection
fire protecting,protecting
firing,burning
fissioning,process
fitting,making
fixed bed reaction,chemical reacting
fixed bed separation,physical separation
fixing,acting
flaking,forming
flaming,burning
flange isolation,isolating
flaring,burning
flash separation,physical separation
flash welding,resistance welding
flashing-evaporating,evaporating
flashing-lighting,lighting-emitting
flattening,shaping
floating,resting
flocculating,aggregating
flooding,covering
flotation,physical separation
flow controlling,controlling
flow measurement,measuring
flow regulation,regulating
flowing,moving
fluid storage,storing
fluid transport,transporting
fluidising,suspending
fluorescing,process
fluoridating,adding-acting
fluorinating,treating
flushing,cleansing
flux-cored arc welding,arc welding
fluxing,treating
flying,transporting
foaming,forming
focussing,converging
folding,deforming
following-happening,happening
following-moving,moving
forbidding,commanding
forcing,pressing
forecasting,predicting
forge welding,solid state welding
forging,forming
formalising,acting
forming,acting
formylating,inserting
forwarding,sending
fouling,process
founding,establishing
fractionating,separating
fracturing,destroying
fragmentating,breaking
fragmentising,breaking
fraising,reaming
frame leakage protecting,electrical protecting
franchising,granting
freezing,cooling
freighting,loading
frequency protecting,generator protecting
friction welding,solid state welding
fueling,providing
full distance protecting,distance protecting
full-wave phase comparison protecting,phase comparison protection
fuming,emitting
functioning,acting
funding,providing
funnelling,moving
furfural extraction,extracting
furnace brazing,brazing
furnishing,providing
fuse protecting,feeder protecting
fusing-reducing,reducing
fusing-uniting,uniting
fusion welding,welding
gaining-increasing,increasing
gaining-obtaining,obtaining
galling,wearing
galvanic corrosion,corroding
galvanising,coating-activity
ganging,assembling
gas absorption,absorbing
gas chromatography,chromatography
gas detection,detecting
gas extraction,extracting
gas freeing,cleaning
gas injection,injecting
gas into gas mixing,mixing
gas into liquid mixing,mixing
gas metal arc welding,arc welding
gas processing,processing
gas production,producing
gas quench,quenching
gas refrigeration,refrigerating
gas shielding,shielding
gas treating,treating
gas tungsten arc welding,arc welding
gas welding,fusion welding
gaseous diffusion,diffusing
gasifying,converting
gas-solid separation,separating
gathering,bringing
gauging,measuring
gearing-providing,providing
gearing-readying,readying
gelling,changing
generating,making
generation mix forecast,forecasting
generation of electricity,generating
generator brake testing,electrical rotating machine testing
generator differential protecting,generator protecting
generator protecting,fault protecting
generator rotor earth fault protecting,generator protecting
generator stator earth fault protecting,generator protecting
generator winding temperature protecting,generator protecting
geodetic surveying,surveying
geometrising,assessing
getting,acting
giving,acting
giving up,acting
gliding,moving
global warming,process
glowing,being
glueing,sticking
going,moving
governing,controlling
granting,permitting
granulating,forming
graphitising,forming
grating,reducing
gravitating,flowing
gravity separation,physical separation
gravity thickening,thickening
greasing,lubricating
gridding,connecting
grinding-crushing,crushing
grinding-surface treating,surface treating
gritting,covering
grooving,hollowing
grounding,connecting
grouping,combining
grouting,finishing-treating
growing,increasing
guaranteeing,assuring
guarding,protecting
guessing,acting
guiding,acting
h2s corrosion,corroding
half-wave phase comparison protecting,phase comparison protection
halting,terminating
hammering,striking
hampering,restricting
handing over,transferring
handling,doing
hanging,fastening
happening,activity
hardening,process
harmonic testing,electrical rotating machine testing
hatching,marking
hauling,transporting
having,being
hazard analysis,analysing
hcn removal,removing
heat tracing,tracing
heat transfer,transferring
heat-bodying,bodying
heating,increasing
heat-sealing,sealing off
heat-setting,fixing
heat-tracing,tracing
heat-treating,treating
hedging,surrounding
heightening,increasing
helping,acting
hiding,acting
high frequency induced bending,bending
high impedance differential protection,electrical protecting
high vacuum distillation,vacuum distillation
high-frequency welding,resistance welding
hindering,impeding
hiring,engaging
hitting,contacting
hoisting,moving
holding-having,having
holding-restraining,restraining
hollowing,forming
homogenising,blending
hooking,fastening
hooking up,installing
hosing,acting
hot pressure welding,solid state welding
hot start-up,starting up
hot-drawing,drawing-moving
hot-galvanising,galvanising
hot-pressing,pressing
hot-quenching,quenching
housing-acting,acting
housing service,serving-acting
human protecting,protecting
humidifying,making
hydrate controlling,controlling
hydrating,forming
hydraulic to mechanical energy conversion,energy conversion
hydraulic to rotation energy conversion,potential to mechanical energy conversion
hydraulic transport,transporting
hydrochlorinating,treating
hydrocracking,cracking
hydrodealkylating,dealkylating
hydrodemetalising,demetalising
hydrodenitrifying,denitrifying
hydrodeoxidising,deoxidising
hydrodesulphurising,desulfurising
hydrofining,chemical processing
hydroforming,reforming
hydroformylation,chemical processing
hydrogen recovery,recovering
hydrogenating,treating
hydrolysing,reacting
hydrostatic testing,non-destructive testing
identifying,establishing
idling,running
igniting,beginning
ignoring,refusing
illuminating,giving
illustrating,clarifying
illuviating,accumulating
imaging,calling
imitating,creating
immantling,covering
immersing,acting
immobilising,fixing
impact assessment,assessing
impact testing,testing
impacting,causing
impairing,causing
impeding,constraining
impelling,giving
impinging,striking
implementing,acting
imploding,bursting
importing,inserting
impregnating,process
improving,enhancing
impulse testing,testing
in series and parallel operation,operating
in series operation,operating
incandescing,being
incending,igniting
incinerating,burning
incising,cutting
inclining,deviating
including,acting
incorporating-forming,forming
incorporating-uniting,uniting
increasing,making
incubating,maintaining
incuring,becoming
indenting,modifying
indexing,entering
indicating,showing
inducing,moving
induction brazing,brazing
induction -electrical,electrical processing
inerting,protecting
inferred measurement,measuring
influencing,acting
informative conversation,conversing
informing,communicating
infrared brazing,brazing
infrared spectroscopy,spectroscopy
infrastructure management,managing
initiating,beginning
injecting,inserting
injection process,processing
injection steam generation,steam generation
injuring,damaging
inlet spraying,spraying
inline blending,blending
innershield welding,arc welding
in-phase voltage controlling,voltage controlling
inquiring,seeking
inserting,acting
inspecting,acting
inspection management,managing
installed spare operation,operating
installing,acting
instantaneous protection,electrical protecting
instating,establishing
instructing-commanding,commanding
instructing-teaching,teaching
instrumented protection,protecting
instrumenting,equipping
insulating,separating
insulation resistance testing,testing
integrating-computing,computing
integrating-merging,merging
interconnected operation,operating
interfering,acting
intermittent operation,operating
intermittent service testing,testing
intertrip function,fault protecting
intertripping underreach protection,unit protecting using telecommunication
interturn testing,testing
inverting,reversing
investigating,observing
invitation to bid,inviting
inviting,requesting
invoking,acting
ion exchange,physical separation
isolated operation,operating
isolating,separating
isolation of a unit,isolating
isomerisation,chemical processing
jet flow,flowing
joining,bringing
judging,deciding
keeping,holding-having
kinetic to mechanical energy conversion,energy conversion
knowing,having
laser beam arc welding,arc welding
laser doppler anemometry,anemometry
layering,arranging
laying out,planning
leaching,process
leakage detection,detecting
leaking,passing-transferring
lean oil absorption,absorbing
learning,acquiring
lecturing,teaching
lengthening,extending
lessening,reducing
level controlling,controlling
lieing,being
lifting,moving
light load testing,electrical rotating machine testing
lighting-acting,acting
lighting-emitting,emitting
lightning,discharging
limiting,acting
lining up,arranging
liquefying,converting
liquid chromatography,chromatography
liquid into gas mixing,mixing
liquid into liquid mixing,mixing
liquid pressure increase,pressure increase
listing,making
load flow calculation,network calculation
load shedding,disconnecting
load shedding protection,electrical protecting
loading,acting
locating,establishing
locked-rotor testing,electrical rotating machine testing
longitudinal differential protection,electrical protecting
losing,failing
losing control,losing
losing generator excitation protection,generator protecting
losing load,losing
losing-of-synchronism protection,electrical protecting
losing-of-tangent measurement,dielectric testing
losing-of-voltage protection,electrical protecting
low impedance differential protection,electrical protecting
lowering-decreasing,decreasing
lowering-moving,moving
low-frequency dielectric testing,dielectric testing
lubricating,applying
mail service,serving-acting
mailing,sending
main protection,electrical protecting
maintaining,keeping
maintenance management,managing
maintenance support,supporting
making,acting
making up,getting
maldistribution,distributing
malfunctioning,functioning
malfunctioning of protection,malfunctioning
management accounting,accounting
managing,acting
managing change,managing
manipulating,acting
manufacturing,making
market analysis,analysing
market development,developing
marketing service,serving-acting
marking,acting
material inspection,inspecting
materials management,managing
measuring,transforming
mechanical back-to-back testing,electrical rotating machine testing
mechanical degradation,degrading
mechanical engineering,engineering
mechanical expansion,expanding
mechanical process ,physical processing
mechanical separation,physical separation
mechanical to electric energy conversion,energy conversion
medical service,serving-acting
meeting,acting
mek dewaxing,dewaxing
melting,liquefying
membrane separation,mechanical separation
mercury detection,detecting
merging,acting
messenger service,serving-acting
metal dusting,cleaning
metals emission,emitting
metals removal,removing
methanising,converting
microanalysis,analysing
microscopy,investigating
microwave link protection,unit protecting using telecommunication
migrating,moving
milling,shaping
mineral dressing,treating
minimising,optimising
mining,excavating
mitigate,reducing
mixing,acting
model testing,testing
modelling,forming
modernising,adapting
modifying,acting
modulating,varying
modulating controlling,controlling
molecular demolition,demolishing
monitoring,watching
mooring,fastening
motor brake testing,electrical rotating machine testing
motor overload protection,motor protection
motor protection,protecting
motor under voltage protection,motor protection
motor winding thermal protection,motor protection
moulding,forming
mounting,attaching
movement automation,automating
moving,acting
multiplexing,transmitting
multiplying,computing
nace verification,testing
naming,identifying
naphthenic acid corrosion,acid corrosion
natural process,processing
negative sequence protection,generator protecting
network calculation,computing
network conversion,transforming
network splitting,splitting
neutral current protection,electrical protecting
neutral displacement protection,electrical protecting
neutralising,making
news service,serving-acting
noise-level testing,electrical rotating machine testing
noising,making
no-load testing,electrical rotating machine testing
non-atmospheric storage,fluid storage
non-destructive testing,testing
non-naphthenic acid corrosion,acid corrosion
non-phase segregated protection,electrical protecting
non-unit protection,electrical protecting
non-unit protection using telecommunication,non-unit protection
normalising,making
object-oriented programming,programming
obscuring,concealing
observing,watching
obstructing,hindering
obstruction by gas,obstructing
obstruction by liquid,obstructing
obstruction by solid,obstructing
obtain agreement with regulatory bodies,obtaining
obtaining,acquiring
occupying,being
occurring,activity
offering,acting
offshore engineering,engineering
oil accounting,accounting
oil characterisation,characterising
oil extraction,deoiling
oil movement,moving
oil pollution,polluting
oil processing,processing
oil production,producing
oil spill,spilling
oil tracing,tracing
oil-water separation,physical separation
on/off controlling,controlling
online catalyst replacement,replacing
open fluid transport,fluid transport
open-circuit testing,electrical rotating machine testing
opening-activity,making
operating,causing
operations testing,testing
opposing,acting
optical link protection,unit protecting using telecommunication
optimising,making
order processing,processing
ordering,directing
osmosis,moving
otto process,converting
overcurrent detection,detecting
overcurrent protection,electrical protecting
overflowing,moving
overhauling,repairing
overload protection,electrical protecting
overreach protection,electrical protecting
overspeed testing,electrical rotating machine testing
overvoltage protection,electrical protecting
oxidising,changing
oxyacetylene welding,fusion welding
packaging,enclosing
packing-covering,covering
packing-filling,filling
packing-gathering,gathering
packing-loading,loading
painting,covering
parallel operation,operating
parameter estimation,estimating
parking service,serving-acting
partial discharge inception testing,testing
passing-changing,changing
passing-letting,activity
passing-transferring,acting
passivating,making
patenting,acting
paying,transferring
percolating,passing-transferring
percussing,striking
percussion,tapping
performance testing,testing
performative conversation,conversing
performing,acting
periodic continuous service testing,testing
permissive overreach protection,unit protecting using telecommunication
permissive protection,electrical protecting
permissive underreach protection,unit protecting using telecommunication
permitting,giving
personal protection,protecting
persuading,demonstrating
phase comparison protection,electrical protecting
phase segregated protection,electrical protecting
phase transition,physical processing
phase-fault protection,electrical protecting
phase-sequence testing,electrical rotating machine testing
physical processing,processing
physical separation,separating
physical splitting,physical separation
pickling,acting
piercing,making
pigging,cleaning
piling-driving,driving
piling-placing,placing
pilot wire feeder protection,relay protection
pilot wire protection,unit protecting using telecommunication
piloting,testing
pipe burst,bursting
placing,putting
planning,acting
plant emission,emitting
plant optimisation,optimising
plasma arc welding,arc welding
plasma mig welding,arc welding
platforming,reforming
plugging,fouling
pneumatic to mechanical energy conversion,energy conversion
pneumatic to rotation energy conversion,potential to mechanical energy conversion
poisoning,acting
polarity testing,electrical rotating machine testing
polishing,making
polluting,making
pollution controlling,controlling
position with normal pressure,positioning
positioning,putting
positive displacement,transporting
post-implementation review,reviewing
potential to mechanical energy conversion,energy conversion
power control operation,operating
power conversion,energy conversion
power generation,generating
power system controlling,controlling
power/frequency controlling,secondary controlling of active power in a system
power-line-carrier protection,unit protecting using telecommunication
practicing,performing
precipitating,separating
precommissioning,verifying
predicting,acting
prefabricating,fabricating
preheating,heating
preparing,making
prequalifying,qualifying
presenting,acting
preserving,keeping
pressing,acting
pressure controlling,controlling
pressure decrease,decreasing
pressure deformation,deforming
pressure increase,increasing
pressurising,applying
pressurized containment,non-atmospheric storage
pretreating,treating
preventing,acting
preventive maintenance,maintaining
primary controlling of a speed of generating set,power system controlling
priming,putting
process,activity
process controlling,controlling
process design,designing
process engineering,engineering
process integration,integrating-merging
process simulation,simulating
process supervision,supervising
processing,acting
procuring,buying
producing,making
programming,coding
project,business process
project preparation,preparing
projecting,reproducing
projection welding,resistance welding
prolonging,extending
propagating,spreading
protecting,preventing
protection using telecommunication,electrical protecting
provide resources,providing
providing,supplying
proving,establishing
public relations,business process
publishing,producing
pull-in testing,electrical rotating machine testing
pulling,acting
pulsating,alternating
pumped storage,storing
pumping,creating
purchasing,getting
purging,relieving
purifying,relieving
pushing,activity
putting,acting
pyrolysis,converting
quadrature voltage controlling,voltage controlling
qualifying,assessing
quality assurance,assuring
quenching,cooling
radial operation,operating
radiating,acting
radiographic testing,non-destructive testing
radiography,non-destructive testing
railing,providing
ranking,acting
ratcheting,moving
rating,estimating
ratio controlling,controlling
reacting,activity
reactive power compensation,power system controlling
reactive-power voltage controlling,voltage controlling
readying,making
reaming,widening
receiving,acquiring
reclaiming,obtaining
recognising,acting
recommending,presenting
reconciling,making
recording,registering
records and information management,document management
recovering,restoring
recursion modelling,modelling
recycling,passing-transferring
reduced throughput operation,operating
reducing,activity
reeling-forming,forming
reeling-winding,winding-turning
refilling,filling
reflecting,acting
reforming,treating
refrigerating,process
refusing,activity
regenerating,restoring
registering,making
regulating,directing
regulatory compliance,complying
reinstating,restoring
relaxing,making
relay protection,feeder protecting
releasing,acting
releasing a relay,releasing
relieving,activity
remedying,correcting
remote backup protection,backup protecting
removals service,serving-acting
removing,acting
removing from a collection,removing
removing from an assembly,removing
removing isolation,removing
remunerating,paying
renewing,revising
repairing,restoring
replacing,acting
reporting,acting
representing,presenting
reproducing,producing
reprography service,serving-acting
requesting,asking
requiring,demanding
requisitioning,requiring
research and development,business process
researching,acting
resetting,putting
resetting a relay,resetting
resistance brazing,brazing
resistance seam welding,solid state welding
resistance spot welding,solid state welding
resistance testing,electrical rotating machine testing
resistance welding,welding
resonating,vibrating
responding,reacting
resting,lieing
restoring,putting
restraining,restricting
restricted earth-fault protection,earth fault protecting
restricting,acting
resuming,beginning
resynchronising,synchronising
retailing,selling
retardation testing,electrical rotating machine testing
retrieving,remedying
returning,acting
revamping,revising
reverse osmosis,osmosis
reverse power protection,generator protecting
reversing,changing
reversing a battery,reversing
reversing a battery cell,reversing
reviewing,acting
revising,improving
revolving,turning
ring closing,transiting
ring opening,transiting
ring operation,operating
ripping,acting
rising,increasing
risk analysis,analysing
road transport,transporting
roll welding,solid state welding
rolling,forming
roof covering,covering
rotary piercing,piercing
rotating,turning
rotation testing,electrical rotating machine testing
routine testing,electrical rotating machine testing
routing,planning
rubbing,moving
running,acting
running away,running
rupturing,tearing
safeguarding,protecting
safety service,serving-acting
sampling,taking
sampling testing,electrical rotating machine testing
satisfying,conforming
scale correction,correcting
scanning,examining
scanning electron microscopy,electron microscopy
scheduled operation,operating
scheduling,acting
scouting study,studying
screwing,connecting
scrubbing,cleaning
seal leakage detection,detecting
sealing off,closing
searching,acting
secondary controlling of active power in a system,power system controlling
securing,acting
security service,serving-acting
sedimenting,settling
seeking,trying
segment-to-segment testing,electrical rotating machine testing
segregating,separating
self-checking,checking-verifying
self-priming,priming
self-synchronisation,synchronising
selling,acting
sending,acting
sensing,observing
separate network operation,operating
separating,acting
sequence controlling,controlling
sequence of operations,operating
series compensation,power system controlling
service,serving-acting 
service output testing,testing
serving-acting,acting
setting,acting
settling,separating
shaft-voltage testing,electrical rotating machine testing
shaping,acting
shielded metal arc welding,arc welding
shielding,protecting
shock loading,loading
short-circuit calculation,network calculation
showing,acting
shrinking,decreasing
shunt compensation,power system controlling
shutting down,changing
silencing,decreasing
simulating,making
single operation,operating
single-shot reclosing,automatic reclosing
sloping,inclining
smoothing,making
soldering,uniting
solid in gas mixing,mixing
solid in liquid mixing,mixing
solid state welding,welding
solidifying,making
solution analysis,analysing
solution loss,losing
solvent extracting,extracting
specifying,defining
spectroscopy,analysing
spilling,acting
splitting,separating
sponsoring,acting
spraying,spreading
spreading,acting
squeezing,activity
stabilising,transforming
standardising,acting
standby protection,electrical protecting
star-polygon conversion,network conversion
starting,beginning
starting testing,electrical rotating machine testing
starting up,starting
state estimating,network calculation
state transiting,transiting
static pressure increase,pressure increase
stating,acting
steam cracking,cracking
steam generation,generating
steam injection,injection process
steam tracing,heat tracing
stewarding,managing
sticking,being
stirring,acting
stock accounting,accounting
stopping,terminating
storage testing,testing
storing,placing
stream characterisation,characterising
stress corrosion ,corroding
stress relieving ,relieving
stressing,subjecting
stretching,extending
striking,acting
stripping,separating
stud arc welding,arc welding
studying,acting
subjecting,acting
submitting,sending
substation local backup protection,backup protecting
substituting,replacing
subtracting,computing
sucking,drawing-moving
sudden short-circuit testing,electrical rotating machine testing
sulphur recovery,recovering
superimposed component protection,electrical protecting
supervising,acting
supervisory controlling,process controlling
supplying,acting
support isolation,isolating
support service,serving-acting 
supporting,holding-restraining
surface analysis,analysing
surface protection,protecting
surface treating,treating
surging,rising
surrounding,being
surveying,examining
suspending,acting
sustained short-circuit testing,electrical rotating machine testing
sweetening,treating
switched distance protection,distance protecting
switching,changing
swot analysis,analysing
synchronisation of two electrical systems,synchronising
synchronising,making
synthesising,combining
system demand controlling,controlling
system management,managing
taking,acting
tapping,striking
taxing,acting
teaching,acting
tearing,dividing-separating
telesales,selling
temperature controlling,controlling
temperature decrease,decreasing
temperature increase,increasing
temperature-rise testing,electrical rotating machine testing
tendering,making
terminal automation,automating
terminating,ending
test run,testing
testing,validating
thermal conversion,converting
thermal cracking,cracking
thermal drying,drying
thermal insulation,insulating
thermal protection,protecting
thermite welding,fusion welding
thickening,concentrating
titrating,process
torch brazing,brazing
touching,acting
tracing,protecting
tracking,searching
trading,acting
training,teaching
transferring,moving
transferring controlling,transferring
transferring ownership,transferring
transferring transport,transferring
transformer differential protection,transformer protection
transformer protection,fault protecting
transforming,changing
transiting,passing-transferring
translating,changing
transmission of electricity,transmitting
transmitting,sending
transporting,moving
transverse differential protection,electrical protecting
trapping,catching
travel service,serving-acting 
traveling,acting
travelling wave protection,electrical protecting
treating,acting
triggering,initiating
tripping,terminating
tropicalising,protecting
troubleshooting,maintaining
trying,attempting
turning,moving
turning away,refusing
type testing,electrical rotating machine testing
ultrasonic examination,non-destructive testing
ultrasonic welding,solid state welding
unblocking overreach protection,unit protecting using telecommunication
undervoltage protection,electrical protecting
unit protecting using telecommunication,unit protection
unit protection,electrical protecting
unit testing,testing
uniting,acting
unity power-factor testing,electrical rotating machine testing
unloading,taking
unrestricted earth fault protection,earth fault protecting
unwanted operation of protection,malfunctioning of protection
upgrading,improving
upset welding,resistance welding
user group administration,administering
using,acting
utilising,using
vacuum distillation,distilling
vacuum solder shielding,gas shielding
vacuum weld shielding,gas shielding
validating,providing
vapour-liquid separation,separating
varying,making
ventilating,acting
venting,relieving
verifying,establishing
vibrating,moving
vibration testing,electrical rotating machine testing
video conferencing,meeting
visual examination,examining
voltage controlling,controlling
voltage decrease,voltage transformation
voltage increase,voltage transformation
voltage transformation,electricity transformation
volumetric expansion,expanding
waiting,delaying
warehousing,storing
warming,becoming
warning,alerting
washing,cleansing
washing out,washing
watching,activity
water injection,injecting
water quenching,quenching
water treating,treating
water washing,washing
waveform testing,electrical rotating machine testing
wearing,reducing
weather protection,protecting
weaving,forming
weeping,dropping
weighing,measuring
welding,joining
wetting,process
widening,making
winding-turning,turning
winding temperature protection,transformer protection
winning-gaining,gaining-obtaining
winning-obtaining,obtaining
winterising,protecting
working,acting
x-ray diffraction analysis,analysing
x-raying,testing
zero power-factor testing,no-load testing
